Which age group do you belong to? (in years),Gender,Scenic views,Rest areas,Signage and Maps,Wildlife viewing,Historical markers
25-34,1,1,1,1,0,0
45-54,1,1,0,1,0,0
65-80,1,1,0,1,0,0
45-54,0,1,0,1,1,0
55-64,0,1,1,1,0,0
65-80,1,1,0,1,0,0
45-54,0,0,0,0,0,0
55-64,1,1,0,0,0,0
45-54,1,1,1,1,0,0
65-80,1,1,0,1,1,0
65-80,1,1,1,0,0,0
35-44,0,1,1,1,0,0
55-64,1,1,0,1,0,0
55-64,0,1,0,0,1,0
45-54,0,0,1,1,0,0
25-34,1,1,0,1,0,1
45-54,0,1,0,0,1,1
65-80,0,1,0,0,0,0
45-54,0,1,1,0,1,0
45-54,0,1,0,1,1,0
55-64,0,0,1,0,0,0
45-54,0,1,0,0,0,0
55-64,1,1,1,1,0,1
35-44,1,0,0,0,0,0
35-44,1,1,0,1,0,0
55-64,0,1,0,1,1,0
65-80,1,0,0,1,0,0
35-44,0,1,1,0,0,0
65-80,1,1,0,0,0,0
25-34,1,1,0,0,1,0
55-64,0,0,1,1,0,0
45-54,1,1,0,1,0,0
45-54,1,1,0,0,0,0
35-44,1,0,0,1,0,0
55-64,0,1,1,1,1,0
35-44,0,1,1,0,0,0
25-34,0,1,1,1,0,0
45-54,1,1,0,0,1,0
65-80,1,1,0,0,0,0
65-80,1,1,1,1,1,0
45-54,0,1,1,0,0,1
45-54,1,0,1,1,0,0
45-54,1,1,1,1,0,0
25-34,0,1,1,1,0,0
18-24,0,0,1,1,0,1
65-80,0,1,0,0,0,0
55-64,1,1,1,1,0,1
35-44,1,0,0,0,0,0
65-80,0,0,1,1,0,0
65-80,1,1,0,1,0,0
65-80,0,1,1,1,0,0
45-54,0,1,1,1,1,1
55-64,Prefer not to say,1,1,1,1,1
55-64,0,1,0,1,0,0
25-34,0,1,0,0,1,0
45-54,1,1,1,1,0,0
65-80,0,1,1,1,0,1
45-54,1,1,0,0,1,0
55-64,0,1,1,1,0,0
55-64,1,1,1,1,0,1
45-54,0,0,0,1,0,0
25-34,0,0,0,0,0,0
55-64,0,0,0,1,0,1
55-64,1,1,1,1,0,0
35-44,1,1,1,0,0,0
55-64,0,1,0,0,0,0
55-64,1,1,1,1,1,0
55-64,1,1,0,0,0,0
45-54,1,0,1,1,0,0
35-44,0,1,0,1,1,1
45-54,0,1,0,1,1,0
55-64,1,1,1,1,1,1
35-44,0,1,0,0,0,0
35-44,1,0,0,1,0,0
35-44,0,1,1,0,0,0
65-80,0,1,0,0,0,0
55-64,1,1,0,1,0,0
35-44,0,0,1,0,0,1
65-80,0,1,1,0,0,1
35-44,1,0,0,1,1,0
45-54,1,0,0,1,0,0
65-80,1,0,1,0,0,0
45-54,1,1,1,1,1,1
45-54,0,1,0,1,0,0
65-80,1,1,0,1,1,0
55-64,1,1,1,1,0,0
25-34,0,,,,,
18-24,0,,,,,
35-44,1,,,,,
25-34,0,,,,,
25-34,1,,,,,
45-54,0,,,,,
55-64,1,,,,,
65-80,1,,,,,
35-44,0,,,,,
55-64,1,,,,,
65-80,1,,,,,
45-54,1,,,,,
45-54,1,,,,,
45-54,1,,,,,
25-34,1,,,,,
,,,,,,
,,,,,,
,,,,,,
,,,,,,
,,,,,,
,,,,,,
,,,,,,
,,,,,,
,,,,,,
,,,,,,
,,,,,,
,,,,,,
,,,,,,
,,,,,,
,,,,,,
,,,,,,
,,,,,,
,,,,,,
,,,,,,
,,,,,,
,,,,,,
,,,,,,
,,,,,,
,,,,,,
,,,,,,
,,,,,,
,,,,,,
,,,,,,
,,,,,,
,,,,,,
,,,,,,
,,,,,,
,,,,,,
,,,,,,
,,,,,,
,,,,,,
,,,,,,
,,,,,,
,,,,,,
,,,,,,
,,,,,,
,,,,,,
,,,,,,
,,,,,,
,,,,,,
,,,,,,
,,,,,,
,,,,,,
,,,,,,
,,,,,,
,,,,,,
,,,,,,
,,,,,,
,,,,,,
,,,,,,
,,,,,,
,,,,,,
,,,,,,
,,,,,,
,,,,,,
,,,,,,
,,,,,,
,,,,,,
,,,,,,
,,,,,,
,,,,,,
,,,,,,
,,,,,,
,,,,,,
,,,,,,
,,,,,,
,,,,,,
,,,,,,
,,,,,,
,,,,,,
,,,,,,
,,,,,,
,,,,,,
,,,,,,
,,,,,,
,,,,,,
,,,,,,
,,,,,,
,,,,,,
,,,,,,
,,,,,,
,,,,,,
,,,,,,
,,,,,,
,,,,,,
,,,,,,
,,,,,,
,,,,,,
,,,,,,
,,,,,,
,,,,,,
,,,,,,
,,,,,,
,,,,,,
,,,,,,
Which age group do you belong to? (in years),Gender,,,,,
25-34,1,,,,,
45-54,1,,,,,
65-80,1,,,,,
45-54,0,,,,,
55-64,0,,,,,
65-80,1,,,,,
45-54,0,,,,,
55-64,1,,,,,
45-54,1,,,,,
65-80,1,,,,,
65-80,1,,,,,
35-44,0,,,,,
55-64,1,,,,,
55-64,0,,,,,
45-54,0,,,,,
25-34,1,,,,,
45-54,0,,,,,
65-80,0,,,,,
45-54,0,,,,,
45-54,0,,,,,
55-64,0,,,,,
45-54,0,,,,,
55-64,1,,,,,
35-44,1,,,,,
35-44,1,,,,,
55-64,0,,,,,
65-80,1,,,,,
35-44,0,,,,,
65-80,1,,,,,
25-34,1,,,,,
55-64,0,,,,,
45-54,1,,,,,
45-54,1,,,,,
35-44,1,,,,,
55-64,0,,,,,
35-44,0,,,,,
25-34,0,,,,,
45-54,1,,,,,
65-80,1,,,,,
65-80,1,,,,,
45-54,0,,,,,
45-54,1,,,,,
45-54,1,,,,,
25-34,0,,,,,
18-24,0,,,,,
65-80,0,,,,,
55-64,1,,,,,
35-44,1,,,,,
65-80,0,,,,,
65-80,1,,,,,
65-80,0,,,,,
45-54,0,,,,,
55-64,Prefer not to say,,,,,
55-64,0,,,,,
25-34,0,,,,,
45-54,1,,,,,
65-80,0,,,,,
45-54,1,,,,,
55-64,0,,,,,
55-64,1,,,,,
45-54,0,,,,,
25-34,0,,,,,
55-64,0,,,,,
55-64,1,,,,,
35-44,1,,,,,
55-64,0,,,,,
55-64,1,,,,,
55-64,1,,,,,
45-54,1,,,,,
35-44,0,,,,,
45-54,0,,,,,
55-64,1,,,,,
35-44,0,,,,,
35-44,1,,,,,
35-44,0,,,,,
65-80,0,,,,,
55-64,1,,,,,
35-44,0,,,,,
65-80,0,,,,,
35-44,1,,,,,
45-54,1,,,,,
65-80,1,,,,,
45-54,1,,,,,
45-54,0,,,,,
65-80,1,,,,,
55-64,1,,,,,
25-34,0,,,,,
18-24,0,,,,,
35-44,1,,,,,
25-34,0,,,,,
25-34,1,,,,,
45-54,0,,,,,
55-64,1,,,,,
65-80,1,,,,,
35-44,0,,,,,
55-64,1,,,,,
65-80,1,,,,,
45-54,1,,,,,
45-54,1,,,,,
45-54,1,,,,,
25-34,1,,,,,
,,,,,,
,,,,,,
,,,,,,
,,,,,,
,,,,,,
,,,,,,
,,,,,,
,,,,,,
,,,,,,
,,,,,,
,,,,,,
,,,,,,
,,,,,,
,,,,,,
,,,,,,
,,,,,,
,,,,,,
,,,,,,
,,,,,,
,,,,,,
,,,,,,
,,,,,,
,,,,,,
,,,,,,
,,,,,,
,,,,,,
,,,,,,
,,,,,,
,,,,,,
,,,,,,
,,,,,,
,,,,,,
,,,,,,
,,,,,,
,,,,,,
,,,,,,
,,,,,,
,,,,,,
,,,,,,
,,,,,,
,,,,,,
,,,,,,
,,,,,,
,,,,,,
,,,,,,
,,,,,,
,,,,,,
,,,,,,
,,,,,,
,,,,,,
,,,,,,
,,,,,,
,,,,,,
,,,,,,
,,,,,,
,,,,,,
,,,,,,
,,,,,,
,,,,,,
,,,,,,
,,,,,,
,,,,,,
,,,,,,
,,,,,,
,,,,,,
,,,,,,
,,,,,,
,,,,,,
,,,,,,
,,,,,,
,,,,,,
,,,,,,
,,,,,,
,,,,,,
,,,,,,
,,,,,,
,,,,,,
,,,,,,
,,,,,,
,,,,,,
,,,,,,
,,,,,,
,,,,,,
,,,,,,
,,,,,,
,,,,,,
,,,,,,
,,,,,,
,,,,,,
,,,,,,
,,,,,,
,,,,,,
,,,,,,
,,,,,,
,,,,,,
,,,,,,
,,,,,,
,,,,,,
,,,,,,
,,,,,,
Which age group do you belong to? (in years),Gender,,,,,
25-34,1,,,,,
45-54,1,,,,,
65-80,1,,,,,
45-54,0,,,,,
55-64,0,,,,,
65-80,1,,,,,
45-54,0,,,,,
55-64,1,,,,,
45-54,1,,,,,
65-80,1,,,,,
65-80,1,,,,,
35-44,0,,,,,
55-64,1,,,,,
55-64,0,,,,,
45-54,0,,,,,
25-34,1,,,,,
45-54,0,,,,,
65-80,0,,,,,
45-54,0,,,,,
45-54,0,,,,,
55-64,0,,,,,
45-54,0,,,,,
55-64,1,,,,,
35-44,1,,,,,
35-44,1,,,,,
55-64,0,,,,,
65-80,1,,,,,
35-44,0,,,,,
65-80,1,,,,,
25-34,1,,,,,
55-64,0,,,,,
45-54,1,,,,,
45-54,1,,,,,
35-44,1,,,,,
55-64,0,,,,,
35-44,0,,,,,
25-34,0,,,,,
45-54,1,,,,,
65-80,1,,,,,
65-80,1,,,,,
45-54,0,,,,,
45-54,1,,,,,
45-54,1,,,,,
25-34,0,,,,,
18-24,0,,,,,
65-80,0,,,,,
55-64,1,,,,,
35-44,1,,,,,
65-80,0,,,,,
65-80,1,,,,,
65-80,0,,,,,
45-54,0,,,,,
55-64,Prefer not to say,,,,,
55-64,0,,,,,
25-34,0,,,,,
45-54,1,,,,,
65-80,0,,,,,
45-54,1,,,,,
55-64,0,,,,,
55-64,1,,,,,
45-54,0,,,,,
25-34,0,,,,,
55-64,0,,,,,
55-64,1,,,,,
35-44,1,,,,,
55-64,0,,,,,
55-64,1,,,,,
55-64,1,,,,,
45-54,1,,,,,
35-44,0,,,,,
45-54,0,,,,,
55-64,1,,,,,
35-44,0,,,,,
35-44,1,,,,,
35-44,0,,,,,
65-80,0,,,,,
55-64,1,,,,,
35-44,0,,,,,
65-80,0,,,,,
35-44,1,,,,,
45-54,1,,,,,
65-80,1,,,,,
45-54,1,,,,,
45-54,0,,,,,
65-80,1,,,,,
55-64,1,,,,,
25-34,0,,,,,
18-24,0,,,,,
35-44,1,,,,,
25-34,0,,,,,
25-34,1,,,,,
45-54,0,,,,,
55-64,1,,,,,
65-80,1,,,,,
35-44,0,,,,,
55-64,1,,,,,
65-80,1,,,,,
45-54,1,,,,,
45-54,1,,,,,
45-54,1,,,,,
25-34,1,,,,,
,,,,,,
,,,,,,
,,,,,,
,,,,,,
,,,,,,
,,,,,,
,,,,,,
,,,,,,
,,,,,,
,,,,,,
,,,,,,
,,,,,,
,,,,,,
,,,,,,
,,,,,,
,,,,,,
,,,,,,
,,,,,,
,,,,,,
,,,,,,
,,,,,,
,,,,,,
,,,,,,
,,,,,,
,,,,,,
,,,,,,
,,,,,,
,,,,,,
,,,,,,
,,,,,,
,,,,,,
,,,,,,
,,,,,,
,,,,,,
,,,,,,
,,,,,,
,,,,,,
,,,,,,
,,,,,,
,,,,,,
,,,,,,
,,,,,,
,,,,,,
,,,,,,
,,,,,,
,,,,,,
,,,,,,
,,,,,,
,,,,,,
,,,,,,
,,,,,,
,,,,,,
,,,,,,
,,,,,,
,,,,,,
,,,,,,
,,,,,,
,,,,,,
,,,,,,
,,,,,,
,,,,,,
,,,,,,
,,,,,,
,,,,,,
,,,,,,
,,,,,,
,,,,,,
,,,,,,
,,,,,,
,,,,,,
,,,,,,
,,,,,,
,,,,,,
,,,,,,
,,,,,,
,,,,,,
,,,,,,
,,,,,,
,,,,,,
,,,,,,
,,,,,,
,,,,,,
,,,,,,
,,,,,,
,,,,,,
,,,,,,
,,,,,,
,,,,,,
,,,,,,
,,,,,,
,,,,,,
,,,,,,
,,,,,,
,,,,,,
,,,,,,
,,,,,,
,,,,,,
,,,,,,
,,,,,,
,,,,,,
Which age group do you belong to? (in years),Gender,,,,,
25-34,1,,,,,
45-54,1,,,,,
65-80,1,,,,,
45-54,0,,,,,
55-64,0,,,,,
65-80,1,,,,,
45-54,0,,,,,
55-64,1,,,,,
45-54,1,,,,,
65-80,1,,,,,
65-80,1,,,,,
35-44,0,,,,,
55-64,1,,,,,
55-64,0,,,,,
45-54,0,,,,,
25-34,1,,,,,
45-54,0,,,,,
65-80,0,,,,,
45-54,0,,,,,
45-54,0,,,,,
55-64,0,,,,,
45-54,0,,,,,
55-64,1,,,,,
35-44,1,,,,,
35-44,1,,,,,
55-64,0,,,,,
65-80,1,,,,,
35-44,0,,,,,
65-80,1,,,,,
25-34,1,,,,,
55-64,0,,,,,
45-54,1,,,,,
45-54,1,,,,,
35-44,1,,,,,
55-64,0,,,,,
35-44,0,,,,,
25-34,0,,,,,
45-54,1,,,,,
65-80,1,,,,,
65-80,1,,,,,
45-54,0,,,,,
45-54,1,,,,,
45-54,1,,,,,
25-34,0,,,,,
18-24,0,,,,,
65-80,0,,,,,
55-64,1,,,,,
35-44,1,,,,,
65-80,0,,,,,
65-80,1,,,,,
65-80,0,,,,,
45-54,0,,,,,
55-64,Prefer not to say,,,,,
55-64,0,,,,,
25-34,0,,,,,
45-54,1,,,,,
65-80,0,,,,,
45-54,1,,,,,
55-64,0,,,,,
55-64,1,,,,,
45-54,0,,,,,
25-34,0,,,,,
55-64,0,,,,,
55-64,1,,,,,
35-44,1,,,,,
55-64,0,,,,,
55-64,1,,,,,
55-64,1,,,,,
45-54,1,,,,,
35-44,0,,,,,
45-54,0,,,,,
55-64,1,,,,,
35-44,0,,,,,
35-44,1,,,,,
35-44,0,,,,,
65-80,0,,,,,
55-64,1,,,,,
35-44,0,,,,,
65-80,0,,,,,
35-44,1,,,,,
45-54,1,,,,,
65-80,1,,,,,
45-54,1,,,,,
45-54,0,,,,,
65-80,1,,,,,
55-64,1,,,,,
25-34,0,,,,,
18-24,0,,,,,
35-44,1,,,,,
25-34,0,,,,,
25-34,1,,,,,
45-54,0,,,,,
55-64,1,,,,,
65-80,1,,,,,
35-44,0,,,,,
55-64,1,,,,,
65-80,1,,,,,
45-54,1,,,,,
45-54,1,,,,,
45-54,1,,,,,
25-34,1,,,,,